Date,Day,RouteId,Line,From,To,MetroKm,CarKm,Slot,WalkingFallbackMin,CarMin,ScrapedDetails,HasScreenshot,ScreenshotPath
2026-08-30,Sun,MC-23,Purple,"Behala Chowrasta","Taratala",2.4,2.4,12:00 AM,33,6," | 33 min | 2.4 km | via NH 12 | Details | Preview",false,"/home/runner/work/Metro-Traffic-Automation/Metro-Traffic-Automation/output/ss_metro_MC-23_12_00_AM.jpg"
2026-08-30,Sun,MC-24,Purple,"Taratala","Majerhat",1.3,1.3,12:00 AM,18,3," | 18 min | 1.3 km | via NH 12 | Details | Preview",false,"/home/runner/work/Metro-Traffic-Automation/Metro-Traffic-Automation/output/ss_metro_MC-24_12_00_AM.jpg"
2026-08-31,Mon,MC-06,Blue,"Dakshineswar","Dum Dum",6.2,7,12:00 AM,15,17," | 15 min | 5:24 AM (Sunday)—5:39 AM | 32212   | 5:27 AM from Dakshineswar 7 min late |  7 min | Details",true,"D:\Traffic\Metro\output\screenshots\2026-08-31\12_00_AM\MC-06\metro.jpg"
2026-08-31,Mon,MC-20,Purple,"Behala Chowrasta","Majerhat",3.7,3.7,12:00 AM,51,6," | 51 min | 3.7 km | via NH 12 | Details | Preview",true,"D:\Traffic\Metro\output\screenshots\2026-08-31\12_00_AM\MC-20\metro.jpg"
2026-08-31,Mon,MC-23,Purple,"Behala Chowrasta","Taratala",2.4,2.4,12:00 AM,33,4," | 33 min | 2.4 km | via NH 12 | Details | Preview",true,"D:\Traffic\Metro\output\screenshots\2026-08-31\12_00_AM\MC-23\metro.jpg"
2026-09-01,Tue,MC-03,Blue,"Shyambazar","Dum Dum",3.8,3.5,1:00 PM,53,17," | 53 min | 3.8 km | via Belgachia Rd/Khudiram Bose Sarani",true,"D:\Traffic\Metro\output\screenshots\2026-09-01\1_00_PM\MC-03\metro.jpg"
2026-09-01,Tue,MC-20,Purple,"Behala Chowrasta","Majerhat",3.7,3.7,12:00 AM,51,8," | 51 min | 3.7 km | via NH 12 | Details | Preview",false,"/home/runner/work/Metro-Traffic-Automation/Metro-Traffic-Automation/output/ss_metro_MC-20_12_00_AM.jpg"
2026-09-01,Tue,MC-20,Purple,"Behala Chowrasta","Majerhat",3.7,3.7,1:00 PM,51,11," | 51 min | 3.7 km | via NH 12",true,"D:\Traffic\Metro\output\screenshots\2026-09-01\1_00_PM\MC-20\metro.jpg"
2026-09-01,Tue,MC-21,Purple,"Joka","Behala Chowrasta",4.2,4.1,1:00 PM,57,12," | 57 min | 4.1 km | via NH 12 | Details | Preview",true,"D:\Traffic\Metro\output\screenshots\2026-09-01\1_00_PM\MC-21\metro.jpg"
2026-09-01,Tue,MC-23,Purple,"Behala Chowrasta","Taratala",2.4,2.4,1:00 PM,33,8," | 33 min | 2.4 km | via NH 12 | Details | Preview",true,"D:\Traffic\Metro\output\screenshots\2026-09-01\1_00_PM\MC-23\metro.jpg"
2026-09-01,Tue,MC-24,Purple,"Taratala","Majerhat",1.3,1.3,12:00 AM,18,2," | 18 min | 1.3 km | via NH 12 | Details | Preview",false,"/home/runner/work/Metro-Traffic-Automation/Metro-Traffic-Automation/output/ss_metro_MC-24_12_00_AM.jpg"
2026-09-01,Tue,MC-24,Purple,"Taratala","Majerhat",1.3,1.3,1:00 PM,18,3," | 18 min | 1.3 km | via NH 12 | Details | Preview",true,"D:\Traffic\Metro\output\screenshots\2026-09-01\1_00_PM\MC-24\metro.jpg"
2026-09-02,Wed,MC-03,Blue,"Shyambazar","Dum Dum",3.8,3.5,1:00 PM,53,17," | 53 min | 3.8 km | via Belgachia Rd/Khudiram Bose Sarani",true,"D:\Traffic\Metro\output\screenshots\2026-09-02\1_00_PM\MC-03\metro.jpg"
2026-09-02,Wed,MC-20,Purple,"Behala Chowrasta","Majerhat",3.7,3.7,1:00 PM,51,14," | 51 min | 3.7 km | via NH 12",true,"D:\Traffic\Metro\output\screenshots\2026-09-02\1_00_PM\MC-20\metro.jpg"
2026-09-02,Wed,MC-21,Purple,"Joka","Behala Chowrasta",4.2,4.1,1:00 PM,57,12," | 57 min | 4.1 km | via NH 12 | Details | Preview",true,"D:\Traffic\Metro\output\screenshots\2026-09-02\1_00_PM\MC-21\metro.jpg"
2026-09-02,Wed,MC-23,Purple,"Behala Chowrasta","Taratala",2.4,2.4,1:00 PM,33,15," | 33 min | 2.4 km | via NH 12 | Details | Preview",true,"D:\Traffic\Metro\output\screenshots\2026-09-02\1_00_PM\MC-23\metro.jpg"
2026-09-02,Wed,MC-24,Purple,"Taratala","Majerhat",1.3,1.3,12:00 AM,18,2," | 18 min | 1.3 km | via NH 12 | Details | Preview",true,"D:\Traffic\Metro\output\screenshots\2026-09-02\12_00_AM\MC-24\metro.jpg"
2026-09-02,Wed,MC-24,Purple,"Taratala","Majerhat",1.3,1.3,1:00 PM,18,3," | 18 min | 1.3 km | via NH 12 | Details | Preview",true,"D:\Traffic\Metro\output\screenshots\2026-09-02\1_00_PM\MC-24\metro.jpg"
2026-09-03,Thu,MC-03,Blue,"Shyambazar","Dum Dum",3.8,3.5,12:00 AM,53,12," | 53 min | 3.8 km | via Belgachia Rd/Khudiram Bose Sarani",true,"D:\Traffic\Metro\output\screenshots\2026-09-03\12_00_AM\MC-03\metro.jpg"
2026-09-03,Thu,MC-03,Blue,"Shyambazar","Dum Dum",3.8,3.5,1:00 PM,53,17," | 53 min | 3.8 km | via Belgachia Rd/Khudiram Bose Sarani",true,"D:\Traffic\Metro\output\screenshots\2026-09-03\1_00_PM\MC-03\metro.jpg"
2026-09-03,Thu,MC-20,Purple,"Behala Chowrasta","Majerhat",3.7,3.7,1:00 PM,51,15," | 51 min | 3.7 km | via NH 12",true,"D:\Traffic\Metro\output\screenshots\2026-09-03\1_00_PM\MC-20\metro.jpg"
2026-09-03,Thu,MC-21,Purple,"Joka","Behala Chowrasta",4.2,4.1,1:00 PM,57,12," | 57 min | 4.1 km | via NH 12 | Details | Preview",true,"D:\Traffic\Metro\output\screenshots\2026-09-03\1_00_PM\MC-21\metro.jpg"
2026-09-03,Thu,MC-23,Purple,"Behala Chowrasta","Taratala",2.4,2.4,1:00 PM,33,8," | 33 min | 2.4 km | via NH 12 | Details | Preview",true,"D:\Traffic\Metro\output\screenshots\2026-09-03\1_00_PM\MC-23\metro.jpg"
2026-09-03,Thu,MC-24,Purple,"Taratala","Majerhat",1.3,1.3,1:00 PM,18,7," | 18 min | 1.3 km | via NH 12 | Details | Preview",true,"D:\Traffic\Metro\output\screenshots\2026-09-03\1_00_PM\MC-24\metro.jpg"
2026-09-04,Fri,MC-03,Blue,"Shyambazar","Dum Dum",3.8,3.5,12:00 AM,53,12," | 53 min | 3.8 km | via Belgachia Rd/Khudiram Bose Sarani",true,"D:\Traffic\Metro\output\screenshots\2026-09-04\12_00_AM\MC-03\metro.jpg"
2026-09-04,Fri,MC-03,Blue,"Shyambazar","Dum Dum",3.8,3.5,1:00 PM,53,16," | 53 min | 3.8 km | via Belgachia Rd/Khudiram Bose Sarani",true,"D:\Traffic\Metro\output\screenshots\2026-09-04\1_00_PM\MC-03\metro.jpg"
2026-09-04,Fri,MC-06,Blue,"Dakshineswar","Dum Dum",6.2,7,12:00 AM,16,17," | 16 min | 12:03 AM (Thursday)—12:19 AM | 32252 - Dankuni - Sealdah Local   | 12:06 AM from Dakshineswar 7 min late |  7 min | Details",true,"D:\Traffic\Metro\output\screenshots\2026-09-04\12_00_AM\MC-06\metro.jpg"
2026-09-04,Fri,MC-20,Purple,"Behala Chowrasta","Majerhat",3.7,3.7,1:00 PM,51,12," | 51 min | 3.7 km | via NH 12",true,"D:\Traffic\Metro\output\screenshots\2026-09-04\1_00_PM\MC-20\metro.jpg"
2026-09-04,Fri,MC-21,Purple,"Joka","Behala Chowrasta",4.2,4.1,1:00 PM,57,11," | 57 min | 4.1 km | via NH 12 | Details | Preview",true,"D:\Traffic\Metro\output\screenshots\2026-09-04\1_00_PM\MC-21\metro.jpg"
2026-09-04,Fri,MC-23,Purple,"Behala Chowrasta","Taratala",2.4,2.4,12:00 AM,33,7," | 33 min | 2.4 km | via NH 12 | Details | Preview",true,"D:\Traffic\Metro\output\screenshots\2026-09-04\12_00_AM\MC-23\metro.jpg"
2026-09-04,Fri,MC-23,Purple,"Behala Chowrasta","Taratala",2.4,2.4,1:00 PM,33,9," | 33 min | 2.4 km | via NH 12 | Details | Preview",true,"D:\Traffic\Metro\output\screenshots\2026-09-04\1_00_PM\MC-23\metro.jpg"
2026-09-04,Fri,MC-24,Purple,"Taratala","Majerhat",1.3,1.3,1:00 PM,18,3," | 18 min | 1.3 km | via NH 12 | Details | Preview",true,"D:\Traffic\Metro\output\screenshots\2026-09-04\1_00_PM\MC-24\metro.jpg"
2026-09-05,Sat,MC-03,Blue,"Shyambazar","Dum Dum",3.8,3.5,1:00 PM,53,17," | 53 min | 3.8 km | via Belgachia Rd/Khudiram Bose Sarani",true,"D:\Traffic\Metro\output\screenshots\2026-09-05\1_00_PM\MC-03\metro.jpg"
2026-09-05,Sat,MC-20,Purple,"Behala Chowrasta","Majerhat",3.7,3.7,1:00 PM,51,11," | 51 min | 3.7 km | via NH 12",true,"D:\Traffic\Metro\output\screenshots\2026-09-05\1_00_PM\MC-20\metro.jpg"
2026-09-05,Sat,MC-21,Purple,"Joka","Behala Chowrasta",4.2,4.1,1:00 PM,57,13," | 57 min | 4.1 km | via NH 12 | Details | Preview",true,"D:\Traffic\Metro\output\screenshots\2026-09-05\1_00_PM\MC-21\metro.jpg"
2026-09-05,Sat,MC-23,Purple,"Behala Chowrasta","Taratala",2.4,2.4,1:00 PM,33,9," | 33 min | 2.4 km | via NH 12 | Details | Preview",true,"D:\Traffic\Metro\output\screenshots\2026-09-05\1_00_PM\MC-23\metro.jpg"
2026-09-05,Sat,MC-24,Purple,"Taratala","Majerhat",1.3,1.3,1:00 PM,18,3," | 18 min | 1.3 km | via NH 12 | Details | Preview",true,"D:\Traffic\Metro\output\screenshots\2026-09-05\1_00_PM\MC-24\metro.jpg"
2026-09-06,Sun,MC-03,Blue,"Shyambazar","Dum Dum",3.8,3.5,1:00 PM,53,16," | 53 min | 3.8 km | via Belgachia Rd/Khudiram Bose Sarani",true,"D:\Traffic\Metro\output\screenshots\2026-09-06\1_00_PM\MC-03\metro.jpg"
2026-09-06,Sun,MC-06,Blue,"Dakshineswar","Dum Dum",6.2,7,1:00 PM,15,24," | 15 min | 5:17 AM—5:32 AM | 32212   | 5:20 AM from Dakshineswar on time |  7 min | Details",true,"D:\Traffic\Metro\output\screenshots\2026-09-06\1_00_PM\MC-06\metro.jpg"
2026-09-06,Sun,MC-06,Blue,"Dakshineswar","Dum Dum",6.2,7,7:00 PM,17,26," | 17 min | 7:41 AM—7:58 AM | 32218   | 7:44 AM from Dakshineswar 25 min late |  7 min | Details",true,"D:\Traffic\Metro\output\screenshots\2026-09-06\7_00_PM\MC-06\metro.jpg"
2026-09-06,Sun,MC-20,Purple,"Behala Chowrasta","Majerhat",3.7,3.7,1:00 PM,51,13," | 51 min | 3.7 km | via NH 12",true,"D:\Traffic\Metro\output\screenshots\2026-09-06\1_00_PM\MC-20\metro.jpg"
2026-09-06,Sun,MC-21,Purple,"Joka","Behala Chowrasta",4.2,4.1,1:00 PM,57,11," | 57 min | 4.1 km | via NH 12 | Details | Preview",true,"D:\Traffic\Metro\output\screenshots\2026-09-06\1_00_PM\MC-21\metro.jpg"
2026-09-06,Sun,MC-23,Purple,"Behala Chowrasta","Taratala",2.4,2.4,1:00 PM,33,11," | 33 min | 2.4 km | via NH 12 | Details | Preview",true,"D:\Traffic\Metro\output\screenshots\2026-09-06\1_00_PM\MC-23\metro.jpg"
2026-09-06,Sun,MC-24,Purple,"Taratala","Majerhat",1.3,1.3,1:00 PM,18,3," | 18 min | 1.3 km | via NH 12 | Details | Preview",true,"D:\Traffic\Metro\output\screenshots\2026-09-06\1_00_PM\MC-24\metro.jpg"
2026-09-07,Mon,MC-03,Blue,"Shyambazar","Dum Dum",3.8,3.5,1:00 PM,53,18," | 53 min | 3.8 km | via Belgachia Rd/Khudiram Bose Sarani",true,"D:\Traffic\Metro\output\screenshots\2026-09-07\1_00_PM\MC-03\metro.jpg"
2026-09-07,Mon,MC-20,Purple,"Behala Chowrasta","Majerhat",3.7,3.7,12:00 AM,51,8," | 51 min | 3.7 km | via NH 12 | Details | Preview",true,"D:\Traffic\Metro\output\screenshots\2026-09-07\12_00_AM\MC-20\metro.jpg"
2026-09-07,Mon,MC-20,Purple,"Behala Chowrasta","Majerhat",3.7,3.7,1:00 PM,51,13," | 51 min | 3.7 km | via NH 12",true,"D:\Traffic\Metro\output\screenshots\2026-09-07\1_00_PM\MC-20\metro.jpg"
2026-09-07,Mon,MC-21,Purple,"Joka","Behala Chowrasta",4.2,4.1,1:00 PM,57,12," | 57 min | 4.1 km | via NH 12 | Details | Preview",true,"D:\Traffic\Metro\output\screenshots\2026-09-07\1_00_PM\MC-21\metro.jpg"
2026-09-07,Mon,MC-23,Purple,"Behala Chowrasta","Taratala",2.4,2.4,1:00 PM,33,9," | 33 min | 2.4 km | via NH 12 | Details | Preview",true,"D:\Traffic\Metro\output\screenshots\2026-09-07\1_00_PM\MC-23\metro.jpg"
2026-09-07,Mon,MC-24,Purple,"Taratala","Majerhat",1.3,1.3,12:00 AM,18,3," | 18 min | 1.3 km | via NH 12 | Details | Preview",true,"D:\Traffic\Metro\output\screenshots\2026-09-07\12_00_AM\MC-24\metro.jpg"
2026-09-07,Mon,MC-24,Purple,"Taratala","Majerhat",1.3,1.3,1:00 PM,18,3," | 18 min | 1.3 km | via NH 12 | Details | Preview",true,"D:\Traffic\Metro\output\screenshots\2026-09-07\1_00_PM\MC-24\metro.jpg"
2026-09-08,Tue,MC-03,Blue,"Shyambazar","Dum Dum",3.8,3.5,1:00 PM,53,17," | 53 min | 3.8 km | via Belgachia Rd/Khudiram Bose Sarani",true,"D:\Traffic\Metro\output\screenshots\2026-09-08\1_00_PM\MC-03\metro.jpg"
2026-09-08,Tue,MC-20,Purple,"Behala Chowrasta","Majerhat",3.7,3.7,1:00 PM,51,11," | 51 min | 3.7 km | via NH 12",true,"D:\Traffic\Metro\output\screenshots\2026-09-08\1_00_PM\MC-20\metro.jpg"
2026-09-08,Tue,MC-21,Purple,"Joka","Behala Chowrasta",4.2,4.1,1:00 PM,57,12," | 57 min | 4.1 km | via NH 12 | Details | Preview",true,"D:\Traffic\Metro\output\screenshots\2026-09-08\1_00_PM\MC-21\metro.jpg"
2026-09-08,Tue,MC-23,Purple,"Behala Chowrasta","Taratala",2.4,2.4,1:00 PM,33,9," | 33 min | 2.4 km | via NH 12 | Details | Preview",true,"D:\Traffic\Metro\output\screenshots\2026-09-08\1_00_PM\MC-23\metro.jpg"
2026-09-08,Tue,MC-24,Purple,"Taratala","Majerhat",1.3,1.3,1:00 PM,18,3," | 18 min | 1.3 km | via NH 12 | Details | Preview",true,"D:\Traffic\Metro\output\screenshots\2026-09-08\1_00_PM\MC-24\metro.jpg"
2026-09-09,Wed,MC-03,Blue,"Shyambazar","Dum Dum",3.8,3.5,1:00 PM,53,20," | 53 min | 3.8 km | via Belgachia Rd/Khudiram Bose Sarani",true,"D:\Traffic\Metro\output\screenshots\2026-09-09\1_00_PM\MC-03\metro.jpg"
2026-09-09,Wed,MC-20,Purple,"Behala Chowrasta","Majerhat",3.7,3.7,1:00 PM,51,12," | 51 min | 3.7 km | via NH 12",true,"D:\Traffic\Metro\output\screenshots\2026-09-09\1_00_PM\MC-20\metro.jpg"
2026-09-09,Wed,MC-21,Purple,"Joka","Behala Chowrasta",4.2,4.1,1:00 PM,57,11," | 57 min | 4.1 km | via NH 12 | Details | Preview",true,"D:\Traffic\Metro\output\screenshots\2026-09-09\1_00_PM\MC-21\metro.jpg"
2026-09-09,Wed,MC-23,Purple,"Behala Chowrasta","Taratala",2.4,2.4,12:00 AM,33,6," | 33 min | 2.4 km | via NH 12 | Details | Preview",true,"D:\Traffic\Metro\output\screenshots\2026-09-09\12_00_AM\MC-23\metro.jpg"
2026-09-09,Wed,MC-23,Purple,"Behala Chowrasta","Taratala",2.4,2.4,1:00 PM,33,9," | 33 min | 2.4 km | via NH 12 | Details | Preview",true,"D:\Traffic\Metro\output\screenshots\2026-09-09\1_00_PM\MC-23\metro.jpg"
2026-09-09,Wed,MC-24,Purple,"Taratala","Majerhat",1.3,1.3,1:00 PM,18,3," | 18 min | 1.3 km | via NH 12 | Details | Preview",true,"D:\Traffic\Metro\output\screenshots\2026-09-09\1_00_PM\MC-24\metro.jpg"
2026-09-10,Thu,MC-03,Blue,"Shyambazar","Dum Dum",3.8,3.5,1:00 PM,53,17," | 53 min | 3.8 km | via Belgachia Rd/Khudiram Bose Sarani",true,"D:\Traffic\Metro\output\screenshots\2026-09-10\1_00_PM\MC-03\metro.jpg"
2026-09-10,Thu,MC-20,Purple,"Behala Chowrasta","Majerhat",3.7,3.7,1:00 PM,51,11," | 51 min | 3.7 km | via NH 12",true,"D:\Traffic\Metro\output\screenshots\2026-09-10\1_00_PM\MC-20\metro.jpg"
2026-09-10,Thu,MC-21,Purple,"Joka","Behala Chowrasta",4.2,4.1,1:00 PM,57,11," | 57 min | 4.1 km | via NH 12 | Details | Preview",true,"D:\Traffic\Metro\output\screenshots\2026-09-10\1_00_PM\MC-21\metro.jpg"
2026-09-10,Thu,MC-23,Purple,"Behala Chowrasta","Taratala",2.4,2.4,1:00 PM,33,8," | 33 min | 2.4 km | via NH 12 | Details | Preview",true,"D:\Traffic\Metro\output\screenshots\2026-09-10\1_00_PM\MC-23\metro.jpg"
2026-09-10,Thu,MC-24,Purple,"Taratala","Majerhat",1.3,1.3,1:00 PM,18,3," | 18 min | 1.3 km | via NH 12 | Details | Preview",true,"D:\Traffic\Metro\output\screenshots\2026-09-10\1_00_PM\MC-24\metro.jpg"
2026-09-11,Fri,MC-03,Blue,"Shyambazar","Dum Dum",3.8,3.5,1:00 PM,53,17," | 53 min | 3.8 km | via Belgachia Rd/Khudiram Bose Sarani",true,"D:\Traffic\Metro\output\screenshots\2026-09-11\1_00_PM\MC-03\metro.jpg"
2026-09-11,Fri,MC-20,Purple,"Behala Chowrasta","Majerhat",3.7,3.7,1:00 PM,51,13," | 51 min | 3.7 km | via NH 12",true,"D:\Traffic\Metro\output\screenshots\2026-09-11\1_00_PM\MC-20\metro.jpg"
2026-09-11,Fri,MC-21,Purple,"Joka","Behala Chowrasta",4.2,4.1,1:00 PM,57,12," | 57 min | 4.1 km | via NH 12 | Details | Preview",true,"D:\Traffic\Metro\output\screenshots\2026-09-11\1_00_PM\MC-21\metro.jpg"
2026-09-11,Fri,MC-23,Purple,"Behala Chowrasta","Taratala",2.4,2.4,12:00 AM,33,6," | 33 min | 2.4 km | via NH 12 | Details | Preview",true,"D:\Traffic\Metro\output\screenshots\2026-09-11\12_00_AM\MC-23\metro.jpg"
2026-09-11,Fri,MC-23,Purple,"Behala Chowrasta","Taratala",2.4,2.4,1:00 PM,33,9," | 33 min | 2.4 km | via NH 12 | Details | Preview",true,"D:\Traffic\Metro\output\screenshots\2026-09-11\1_00_PM\MC-23\metro.jpg"
2026-09-11,Fri,MC-24,Purple,"Taratala","Majerhat",1.3,1.3,1:00 PM,18,4," | 18 min | 1.3 km | via NH 12 | Details | Preview",true,"D:\Traffic\Metro\output\screenshots\2026-09-11\1_00_PM\MC-24\metro.jpg"
2026-09-12,Sat,MC-03,Blue,"Shyambazar","Dum Dum",3.8,3.5,1:00 PM,53,18," | 53 min | 3.8 km | via Belgachia Rd/Khudiram Bose Sarani",true,"D:\Traffic\Metro\output\screenshots\2026-09-12\1_00_PM\MC-03\metro.jpg"
2026-09-12,Sat,MC-06,Blue,"Dakshineswar","Dum Dum",6.2,7,1:00 PM,18,29," | 18 min | 4:22 AM—4:40 AM | 32414 - Baruipara - Sealdah Local   | 4:25 AM from Dakshineswar 5 hr 17 min late |  7 min | Details",true,"D:\Traffic\Metro\output\screenshots\2026-09-12\1_00_PM\MC-06\metro.jpg"
2026-09-12,Sat,MC-20,Purple,"Behala Chowrasta","Majerhat",3.7,3.7,1:00 PM,51,15," | 51 min | 3.7 km | via NH 12",true,"D:\Traffic\Metro\output\screenshots\2026-09-12\1_00_PM\MC-20\metro.jpg"
2026-09-12,Sat,MC-21,Purple,"Joka","Behala Chowrasta",4.2,4.1,1:00 PM,57,12," | 57 min | 4.1 km | via NH 12 | Details | Preview",true,"D:\Traffic\Metro\output\screenshots\2026-09-12\1_00_PM\MC-21\metro.jpg"
2026-09-12,Sat,MC-23,Purple,"Behala Chowrasta","Taratala",2.4,2.4,1:00 PM,33,12," | 33 min | 2.4 km | via NH 12 | Details | Preview",true,"D:\Traffic\Metro\output\screenshots\2026-09-12\1_00_PM\MC-23\metro.jpg"
2026-09-12,Sat,MC-24,Purple,"Taratala","Majerhat",1.3,1.3,1:00 PM,18,3," | 18 min | 1.3 km | via NH 12 | Details | Preview",true,"D:\Traffic\Metro\output\screenshots\2026-09-12\1_00_PM\MC-24\metro.jpg"
2026-09-13,Sun,MC-03,Blue,"Shyambazar","Dum Dum",3.8,3.5,12:00 AM,53,11," | 53 min | 3.8 km | via Belgachia Rd/Khudiram Bose Sarani",true,"D:\Traffic\Metro\output\screenshots\2026-09-13\12_00_AM\MC-03\metro.jpg"
2026-09-13,Sun,MC-03,Blue,"Shyambazar","Dum Dum",3.8,3.5,1:00 PM,53,16," | 53 min | 3.8 km | via Belgachia Rd/Khudiram Bose Sarani",true,"D:\Traffic\Metro\output\screenshots\2026-09-13\1_00_PM\MC-03\metro.jpg"
2026-09-13,Sun,MC-06,Blue,"Dakshineswar","Dum Dum",6.2,7,1:00 PM,20,26," | 20 min | 5:28 AM—5:48 AM | 32212 - Dankuni - Sealdah Local   | 5:30 AM from Dakshineswar 10 min late |  7 min | Details",true,"D:\Traffic\Metro\output\screenshots\2026-09-13\1_00_PM\MC-06\metro.jpg"
2026-09-13,Sun,MC-06,Blue,"Dakshineswar","Dum Dum",6.2,7,7:00 PM,27,27," | 27 min | 7:16 AM—7:43 AM | 32218 - Dankuni - Sealdah Local   | 7:19 AM from Dakshineswar on time |  8 min | Details",true,"D:\Traffic\Metro\output\screenshots\2026-09-13\7_00_PM\MC-06\metro.jpg"
2026-09-13,Sun,MC-20,Purple,"Behala Chowrasta","Majerhat",3.7,3.7,1:00 PM,51,11," | 51 min | 3.7 km | via NH 12",true,"D:\Traffic\Metro\output\screenshots\2026-09-13\1_00_PM\MC-20\metro.jpg"
2026-09-13,Sun,MC-21,Purple,"Joka","Behala Chowrasta",4.2,4.1,1:00 PM,57,12," | 57 min | 4.1 km | via NH 12 | Details | Preview",true,"D:\Traffic\Metro\output\screenshots\2026-09-13\1_00_PM\MC-21\metro.jpg"
2026-09-13,Sun,MC-23,Purple,"Behala Chowrasta","Taratala",2.4,2.4,1:00 PM,33,9," | 33 min | 2.4 km | via NH 12 | Details | Preview",true,"D:\Traffic\Metro\output\screenshots\2026-09-13\1_00_PM\MC-23\metro.jpg"
2026-09-13,Sun,MC-24,Purple,"Taratala","Majerhat",1.3,1.3,12:00 AM,18,3," | 18 min | 1.3 km | via NH 12 | Details | Preview",true,"D:\Traffic\Metro\output\screenshots\2026-09-13\12_00_AM\MC-24\metro.jpg"
2026-09-13,Sun,MC-24,Purple,"Taratala","Majerhat",1.3,1.3,1:00 PM,18,3," | 18 min | 1.3 km | via NH 12 | Details | Preview",true,"D:\Traffic\Metro\output\screenshots\2026-09-13\1_00_PM\MC-24\metro.jpg"
2026-09-14,Mon,MC-03,Blue,"Shyambazar","Dum Dum",3.8,3.5,1:00 PM,53,16," | 53 min | 3.8 km | via Belgachia Rd/Khudiram Bose Sarani",true,"D:\Traffic\Metro\output\screenshots\2026-09-14\1_00_PM\MC-03\metro.jpg"
2026-09-14,Mon,MC-20,Purple,"Behala Chowrasta","Majerhat",3.7,3.7,1:00 PM,51,12," | 51 min | 3.7 km | via NH 12",true,"D:\Traffic\Metro\output\screenshots\2026-09-14\1_00_PM\MC-20\metro.jpg"
2026-09-14,Mon,MC-21,Purple,"Joka","Behala Chowrasta",4.2,4.1,1:00 PM,57,12," | 57 min | 4.1 km | via NH 12 | Details | Preview",true,"D:\Traffic\Metro\output\screenshots\2026-09-14\1_00_PM\MC-21\metro.jpg"
2026-09-14,Mon,MC-23,Purple,"Behala Chowrasta","Taratala",2.4,2.4,12:00 AM,33,5," | 33 min | 2.4 km | via NH 12 | Details | Preview",true,"D:\Traffic\Metro\output\screenshots\2026-09-14\12_00_AM\MC-23\metro.jpg"
2026-09-14,Mon,MC-23,Purple,"Behala Chowrasta","Taratala",2.4,2.4,1:00 PM,33,9," | 33 min | 2.4 km | via NH 12 | Details | Preview",true,"D:\Traffic\Metro\output\screenshots\2026-09-14\1_00_PM\MC-23\metro.jpg"
2026-09-14,Mon,MC-24,Purple,"Taratala","Majerhat",1.3,1.3,12:00 AM,18,3," | 18 min | 1.3 km | via NH 12 | Details | Preview",true,"D:\Traffic\Metro\output\screenshots\2026-09-14\12_00_AM\MC-24\metro.jpg"
2026-09-14,Mon,MC-24,Purple,"Taratala","Majerhat",1.3,1.3,1:00 PM,18,3," | 18 min | 1.3 km | via NH 12 | Details | Preview",true,"D:\Traffic\Metro\output\screenshots\2026-09-14\1_00_PM\MC-24\metro.jpg"
2026-09-15,Tue,MC-03,Blue,"Shyambazar","Dum Dum",3.8,3.5,1:00 PM,53,18," | 53 min | 3.8 km | via Belgachia Rd/Khudiram Bose Sarani",true,"D:\Traffic\Metro\output\screenshots\2026-09-15\1_00_PM\MC-03\metro.jpg"
2026-09-15,Tue,MC-06,Blue,"Dakshineswar","Dum Dum",6.2,7,1:00 PM,126,31," | 2 hr 6 min | 1:18 AM—3:24 AM | 13174 - Sealdah Kanchanjungha Express  33811   | 1:21 AM from Dakshineswar 7 hr 11 min late |  8 min | Details",true,"D:\Traffic\Metro\output\screenshots\2026-09-15\1_00_PM\MC-06\metro.jpg"
2026-09-15,Tue,MC-20,Purple,"Behala Chowrasta","Majerhat",3.7,3.7,1:00 PM,51,12," | 51 min | 3.7 km | via NH 12",true,"D:\Traffic\Metro\output\screenshots\2026-09-15\1_00_PM\MC-20\metro.jpg"
2026-09-15,Tue,MC-21,Purple,"Joka","Behala Chowrasta",4.2,4.1,1:00 PM,57,13," | 57 min | 4.1 km | via NH 12 | Details | Preview",true,"D:\Traffic\Metro\output\screenshots\2026-09-15\1_00_PM\MC-21\metro.jpg"
2026-09-15,Tue,MC-23,Purple,"Behala Chowrasta","Taratala",2.4,2.4,1:00 PM,33,9," | 33 min | 2.4 km | via NH 12 | Details | Preview",true,"D:\Traffic\Metro\output\screenshots\2026-09-15\1_00_PM\MC-23\metro.jpg"
2026-09-15,Tue,MC-24,Purple,"Taratala","Majerhat",1.3,1.3,1:00 PM,18,3," | 18 min | 1.3 km | via NH 12 | Details | Preview",true,"D:\Traffic\Metro\output\screenshots\2026-09-15\1_00_PM\MC-24\metro.jpg"
2026-09-16,Wed,MC-03,Blue,"Shyambazar","Dum Dum",3.8,3.5,12:00 AM,53,11," | 53 min | 3.8 km | via Belgachia Rd/Khudiram Bose Sarani",true,"D:\Traffic\Metro\output\screenshots\2026-09-16\12_00_AM\MC-03\metro.jpg"
2026-09-16,Wed,MC-03,Blue,"Shyambazar","Dum Dum",3.8,3.5,1:00 PM,53,17," | 53 min | 3.8 km | via Belgachia Rd/Khudiram Bose Sarani",true,"D:\Traffic\Metro\output\screenshots\2026-09-16\1_00_PM\MC-03\metro.jpg"
2026-09-16,Wed,MC-20,Purple,"Behala Chowrasta","Majerhat",3.7,3.7,1:00 PM,51,12," | 51 min | 3.7 km | via NH 12",true,"D:\Traffic\Metro\output\screenshots\2026-09-16\1_00_PM\MC-20\metro.jpg"
2026-09-16,Wed,MC-21,Purple,"Joka","Behala Chowrasta",4.2,4.1,1:00 PM,57,12," | 57 min | 4.1 km | via NH 12 | Details | Preview",true,"D:\Traffic\Metro\output\screenshots\2026-09-16\1_00_PM\MC-21\metro.jpg"
2026-09-16,Wed,MC-23,Purple,"Behala Chowrasta","Taratala",2.4,2.4,1:00 PM,33,9," | 33 min | 2.4 km | via NH 12 | Details | Preview",true,"D:\Traffic\Metro\output\screenshots\2026-09-16\1_00_PM\MC-23\metro.jpg"
2026-09-16,Wed,MC-24,Purple,"Taratala","Majerhat",1.3,1.3,1:00 PM,18,3," | 18 min | 1.3 km | via NH 12 | Details | Preview",true,"D:\Traffic\Metro\output\screenshots\2026-09-16\1_00_PM\MC-24\metro.jpg"
2026-09-17,Thu,MC-03,Blue,"Shyambazar","Dum Dum",3.8,3.5,1:00 PM,53,17," | 53 min | 3.8 km | via Belgachia Rd/Khudiram Bose Sarani",true,"D:\Traffic\Metro\output\screenshots\2026-09-17\1_00_PM\MC-03\metro.jpg"
2026-09-17,Thu,MC-20,Purple,"Behala Chowrasta","Majerhat",3.7,3.7,1:00 PM,51,11," | 51 min | 3.7 km | via NH 12",true,"D:\Traffic\Metro\output\screenshots\2026-09-17\1_00_PM\MC-20\metro.jpg"
2026-09-17,Thu,MC-21,Purple,"Joka","Behala Chowrasta",4.2,4.1,1:00 PM,57,12," | 57 min | 4.1 km | via NH 12 | Details | Preview",true,"D:\Traffic\Metro\output\screenshots\2026-09-17\1_00_PM\MC-21\metro.jpg"
2026-09-17,Thu,MC-23,Purple,"Behala Chowrasta","Taratala",2.4,2.4,1:00 PM,33,8," | 33 min | 2.4 km | via NH 12 | Details | Preview",true,"D:\Traffic\Metro\output\screenshots\2026-09-17\1_00_PM\MC-23\metro.jpg"
2026-09-17,Thu,MC-24,Purple,"Taratala","Majerhat",1.3,1.3,1:00 PM,18,3," | 18 min | 1.3 km | via NH 12 | Details | Preview",true,"D:\Traffic\Metro\output\screenshots\2026-09-17\1_00_PM\MC-24\metro.jpg"
2026-09-18,Fri,MC-03,Blue,"Shyambazar","Dum Dum",3.8,3.5,1:00 PM,53,14," | 53 min | 3.8 km | via Belgachia Rd/Khudiram Bose Sarani",true,"D:\Traffic\Metro\output\screenshots\2026-09-18\1_00_PM\MC-03\metro.jpg"
2026-09-18,Fri,MC-20,Purple,"Behala Chowrasta","Majerhat",3.7,3.7,12:00 AM,51,9," | 51 min | 3.7 km | via NH 12 | Details | Preview",true,"D:\Traffic\Metro\output\screenshots\2026-09-18\12_00_AM\MC-20\metro.jpg"
2026-09-18,Fri,MC-20,Purple,"Behala Chowrasta","Majerhat",3.7,3.7,1:00 PM,51,13," | 51 min | 3.7 km | via NH 12",true,"D:\Traffic\Metro\output\screenshots\2026-09-18\1_00_PM\MC-20\metro.jpg"
2026-09-18,Fri,MC-21,Purple,"Joka","Behala Chowrasta",4.2,4.1,1:00 PM,57,11," | 57 min | 4.1 km | via NH 12 | Details | Preview",true,"D:\Traffic\Metro\output\screenshots\2026-09-18\1_00_PM\MC-21\metro.jpg"
2026-09-18,Fri,MC-23,Purple,"Behala Chowrasta","Taratala",2.4,2.4,1:00 PM,33,9," | 33 min | 2.4 km | via NH 12 | Details | Preview",true,"D:\Traffic\Metro\output\screenshots\2026-09-18\1_00_PM\MC-23\metro.jpg"
2026-09-18,Fri,MC-24,Purple,"Taratala","Majerhat",1.3,1.3,1:00 PM,18,3," | 18 min | 1.3 km | via NH 12 | Details | Preview",true,"D:\Traffic\Metro\output\screenshots\2026-09-18\1_00_PM\MC-24\metro.jpg"
2026-09-19,Sat,MC-03,Blue,"Shyambazar","Dum Dum",3.8,3.5,1:00 PM,53,16," | 53 min | 3.8 km | via Belgachia Rd/Khudiram Bose Sarani",true,"D:\Traffic\Metro\output\screenshots\2026-09-19\1_00_PM\MC-03\metro.jpg"
2026-09-19,Sat,MC-20,Purple,"Behala Chowrasta","Majerhat",3.7,3.7,1:00 PM,51,12," | 51 min | 3.7 km | via NH 12",true,"D:\Traffic\Metro\output\screenshots\2026-09-19\1_00_PM\MC-20\metro.jpg"
2026-09-19,Sat,MC-21,Purple,"Joka","Behala Chowrasta",4.2,4.1,1:00 PM,57,12," | 57 min | 4.1 km | via NH 12 | Details | Preview",true,"D:\Traffic\Metro\output\screenshots\2026-09-19\1_00_PM\MC-21\metro.jpg"
2026-09-19,Sat,MC-23,Purple,"Behala Chowrasta","Taratala",2.4,2.4,1:00 PM,33,9," | 33 min | 2.4 km | via NH 12 | Details | Preview",true,"D:\Traffic\Metro\output\screenshots\2026-09-19\1_00_PM\MC-23\metro.jpg"
2026-09-19,Sat,MC-24,Purple,"Taratala","Majerhat",1.3,1.3,1:00 PM,18,3," | 18 min | 1.3 km | via NH 12 | Details | Preview",true,"D:\Traffic\Metro\output\screenshots\2026-09-19\1_00_PM\MC-24\metro.jpg"
2026-09-20,Sun,MC-03,Blue,"Shyambazar","Dum Dum",3.8,3.5,1:00 PM,53,15," | 53 min | 3.8 km | via Belgachia Rd/Khudiram Bose Sarani",true,"D:\Traffic\Metro\output\screenshots\2026-09-20\1_00_PM\MC-03\metro.jpg"
2026-09-20,Sun,MC-06,Blue,"Dakshineswar","Dum Dum",6.2,7,1:00 PM,17,24," | 17 min | 5:25 AM—5:42 AM | 32212 - Dankuni - Sealdah Local   | 5:28 AM from Dakshineswar 8 min late |  8 min | Details",true,"D:\Traffic\Metro\output\screenshots\2026-09-20\1_00_PM\MC-06\metro.jpg"
2026-09-20,Sun,MC-06,Blue,"Dakshineswar","Dum Dum",6.2,7,7:00 PM,19,25," | 19 min | 7:17 AM—7:36 AM | 32218 - Dankuni - Sealdah Local   | 7:20 AM from Dakshineswar 1 min late |  8 min | Details",true,"D:\Traffic\Metro\output\screenshots\2026-09-20\7_00_PM\MC-06\metro.jpg"
2026-09-20,Sun,MC-20,Purple,"Behala Chowrasta","Majerhat",3.7,3.7,1:00 PM,51,12," | 51 min | 3.7 km | via NH 12",true,"D:\Traffic\Metro\output\screenshots\2026-09-20\1_00_PM\MC-20\metro.jpg"
2026-09-20,Sun,MC-21,Purple,"Joka","Behala Chowrasta",4.2,4.1,1:00 PM,57,11," | 57 min | 4.1 km | via NH 12 | Details | Preview",true,"D:\Traffic\Metro\output\screenshots\2026-09-20\1_00_PM\MC-21\metro.jpg"
2026-09-20,Sun,MC-23,Purple,"Behala Chowrasta","Taratala",2.4,2.4,12:00 AM,33,7," | 33 min | 2.4 km | via NH 12 | Details | Preview",true,"D:\Traffic\Metro\output\screenshots\2026-09-20\12_00_AM\MC-23\metro.jpg"
2026-09-20,Sun,MC-23,Purple,"Behala Chowrasta","Taratala",2.4,2.4,1:00 PM,33,8," | 33 min | 2.4 km | via NH 12 | Details | Preview",true,"D:\Traffic\Metro\output\screenshots\2026-09-20\1_00_PM\MC-23\metro.jpg"
2026-09-20,Sun,MC-24,Purple,"Taratala","Majerhat",1.3,1.3,1:00 PM,18,3," | 18 min | 1.3 km | via NH 12 | Details | Preview",true,"D:\Traffic\Metro\output\screenshots\2026-09-20\1_00_PM\MC-24\metro.jpg"
2026-09-21,Mon,MC-03,Blue,"Shyambazar","Dum Dum",3.8,3.5,1:00 PM,53,18," | 53 min | 3.8 km | via Belgachia Rd/Khudiram Bose Sarani",true,"D:\Traffic\Metro\output\screenshots\2026-09-21\1_00_PM\MC-03\metro.jpg"
2026-09-21,Mon,MC-20,Purple,"Behala Chowrasta","Majerhat",3.7,3.7,1:00 PM,51,13," | 51 min | 3.7 km | via NH 12",true,"D:\Traffic\Metro\output\screenshots\2026-09-21\1_00_PM\MC-20\metro.jpg"
2026-09-21,Mon,MC-21,Purple,"Joka","Behala Chowrasta",4.2,4.1,12:00 AM,57,9," | 57 min | 4.1 km | via NH 12 | Details | Preview",true,"D:\Traffic\Metro\output\screenshots\2026-09-21\12_00_AM\MC-21\metro.jpg"
2026-09-21,Mon,MC-21,Purple,"Joka","Behala Chowrasta",4.2,4.1,1:00 PM,57,12," | 57 min | 4.1 km | via NH 12 | Details | Preview",true,"D:\Traffic\Metro\output\screenshots\2026-09-21\1_00_PM\MC-21\metro.jpg"
2026-09-21,Mon,MC-23,Purple,"Behala Chowrasta","Taratala",2.4,2.4,12:00 AM,33,5," | 33 min | 2.4 km | via NH 12 | Details | Preview",true,"D:\Traffic\Metro\output\screenshots\2026-09-21\12_00_AM\MC-23\metro.jpg"
2026-09-21,Mon,MC-23,Purple,"Behala Chowrasta","Taratala",2.4,2.4,1:00 PM,33,10," | 33 min | 2.4 km | via NH 12 | Details | Preview",true,"D:\Traffic\Metro\output\screenshots\2026-09-21\1_00_PM\MC-23\metro.jpg"
2026-09-21,Mon,MC-24,Purple,"Taratala","Majerhat",1.3,1.3,12:00 AM,18,3," | 18 min | 1.3 km | via NH 12 | Details | Preview",true,"D:\Traffic\Metro\output\screenshots\2026-09-21\12_00_AM\MC-24\metro.jpg"
2026-09-21,Mon,MC-24,Purple,"Taratala","Majerhat",1.3,1.3,1:00 PM,18,3," | 18 min | 1.3 km | via NH 12 | Details | Preview",true,"D:\Traffic\Metro\output\screenshots\2026-09-21\1_00_PM\MC-24\metro.jpg"
2026-09-22,Tue,MC-03,Blue,"Shyambazar","Dum Dum",3.8,3.5,1:00 PM,53,16," | 53 min | 3.8 km | via Belgachia Rd/Khudiram Bose Sarani",true,"D:\Traffic\Metro\output\screenshots\2026-09-22\1_00_PM\MC-03\metro.jpg"
2026-09-22,Tue,MC-20,Purple,"Behala Chowrasta","Majerhat",3.7,3.7,1:00 PM,51,11," | 51 min | 3.7 km | via NH 12",true,"D:\Traffic\Metro\output\screenshots\2026-09-22\1_00_PM\MC-20\metro.jpg"
2026-09-22,Tue,MC-21,Purple,"Joka","Behala Chowrasta",4.2,4.1,1:00 PM,57,12," | 57 min | 4.1 km | via NH 12 | Details | Preview",true,"D:\Traffic\Metro\output\screenshots\2026-09-22\1_00_PM\MC-21\metro.jpg"
2026-09-22,Tue,MC-23,Purple,"Behala Chowrasta","Taratala",2.4,2.4,1:00 PM,33,8," | 33 min | 2.4 km | via NH 12 | Details | Preview",true,"D:\Traffic\Metro\output\screenshots\2026-09-22\1_00_PM\MC-23\metro.jpg"
2026-09-22,Tue,MC-24,Purple,"Taratala","Majerhat",1.3,1.3,1:00 PM,18,3," | 18 min | 1.3 km | via NH 12 | Details | Preview",true,"D:\Traffic\Metro\output\screenshots\2026-09-22\1_00_PM\MC-24\metro.jpg"
2026-09-24,Thu,MC-03,Blue,"Shyambazar","Dum Dum",3.8,3.5,1:00 PM,53,17," | 53 min | 3.8 km | via Belgachia Rd/Khudiram Bose Sarani",true,"D:\Traffic\Metro\output\screenshots\2026-09-24\1_00_PM\MC-03\metro.jpg"
2026-09-24,Thu,MC-20,Purple,"Behala Chowrasta","Majerhat",3.7,3.7,1:00 PM,51,12," | 51 min | 3.7 km | via NH 12",true,"D:\Traffic\Metro\output\screenshots\2026-09-24\1_00_PM\MC-20\metro.jpg"
2026-09-24,Thu,MC-21,Purple,"Joka","Behala Chowrasta",4.2,4.1,12:00 AM,57,9," | 57 min | 4.1 km | via NH 12 | Details | Preview",true,"D:\Traffic\Metro\output\screenshots\2026-09-24\12_00_AM\MC-21\metro.jpg"
2026-09-24,Thu,MC-21,Purple,"Joka","Behala Chowrasta",4.2,4.1,1:00 PM,57,14," | 57 min | 4.1 km | via NH 12 | Details | Preview",true,"D:\Traffic\Metro\output\screenshots\2026-09-24\1_00_PM\MC-21\metro.jpg"
2026-09-24,Thu,MC-23,Purple,"Behala Chowrasta","Taratala",2.4,2.4,12:00 AM,33,6," | 33 min | 2.4 km | via NH 12 | Details | Preview",true,"D:\Traffic\Metro\output\screenshots\2026-09-24\12_00_AM\MC-23\metro.jpg"
2026-09-24,Thu,MC-23,Purple,"Behala Chowrasta","Taratala",2.4,2.4,1:00 PM,33,9," | 33 min | 2.4 km | via NH 12 | Details | Preview",true,"D:\Traffic\Metro\output\screenshots\2026-09-24\1_00_PM\MC-23\metro.jpg"
2026-09-24,Thu,MC-24,Purple,"Taratala","Majerhat",1.3,1.3,1:00 PM,18,3," | 18 min | 1.3 km | via NH 12 | Details | Preview",true,"D:\Traffic\Metro\output\screenshots\2026-09-24\1_00_PM\MC-24\metro.jpg"
2026-09-25,Fri,MC-03,Blue,"Shyambazar","Dum Dum",3.8,3.5,1:00 PM,53,16," | 53 min | 3.8 km | via Belgachia Rd/Khudiram Bose Sarani",true,"D:\Traffic\Metro\output\screenshots\2026-09-25\1_00_PM\MC-03\metro.jpg"
2026-09-25,Fri,MC-20,Purple,"Behala Chowrasta","Majerhat",3.7,3.7,1:00 PM,51,11," | 51 min | 3.7 km | via NH 12",true,"D:\Traffic\Metro\output\screenshots\2026-09-25\1_00_PM\MC-20\metro.jpg"
2026-09-25,Fri,MC-21,Purple,"Joka","Behala Chowrasta",4.2,4.1,1:00 PM,57,11," | 57 min | 4.1 km | via NH 12 | Details | Preview",true,"D:\Traffic\Metro\output\screenshots\2026-09-25\1_00_PM\MC-21\metro.jpg"
2026-09-25,Fri,MC-23,Purple,"Behala Chowrasta","Taratala",2.4,2.4,1:00 PM,33,8," | 33 min | 2.4 km | via NH 12 | Details | Preview",true,"D:\Traffic\Metro\output\screenshots\2026-09-25\1_00_PM\MC-23\metro.jpg"
2026-09-25,Fri,MC-24,Purple,"Taratala","Majerhat",1.3,1.3,1:00 PM,18,3," | 18 min | 1.3 km | via NH 12 | Details | Preview",true,"D:\Traffic\Metro\output\screenshots\2026-09-25\1_00_PM\MC-24\metro.jpg"
2026-09-26,Sat,MC-03,Blue,"Shyambazar","Dum Dum",3.8,3.5,1:00 PM,53,17," | 53 min | 3.8 km | via Belgachia Rd/Khudiram Bose Sarani",true,"D:\Traffic\Metro\output\screenshots\2026-09-26\1_00_PM\MC-03\metro.jpg"
2026-09-26,Sat,MC-20,Purple,"Behala Chowrasta","Majerhat",3.7,3.7,1:00 PM,51,15," | 51 min | 3.7 km | via NH 12",true,"D:\Traffic\Metro\output\screenshots\2026-09-26\1_00_PM\MC-20\metro.jpg"
2026-09-26,Sat,MC-21,Purple,"Joka","Behala Chowrasta",4.2,4.1,12:00 AM,57,9," | 57 min | 4.1 km | via NH 12 | Details | Preview",true,"D:\Traffic\Metro\output\screenshots\2026-09-26\12_00_AM\MC-21\metro.jpg"
2026-09-26,Sat,MC-21,Purple,"Joka","Behala Chowrasta",4.2,4.1,1:00 PM,57,12," | 57 min | 4.1 km | via NH 12 | Details | Preview",true,"D:\Traffic\Metro\output\screenshots\2026-09-26\1_00_PM\MC-21\metro.jpg"
2026-09-26,Sat,MC-23,Purple,"Behala Chowrasta","Taratala",2.4,2.4,1:00 PM,33,11," | 33 min | 2.4 km | via NH 12 | Details | Preview",true,"D:\Traffic\Metro\output\screenshots\2026-09-26\1_00_PM\MC-23\metro.jpg"
2026-09-26,Sat,MC-24,Purple,"Taratala","Majerhat",1.3,1.3,1:00 PM,18,3," | 18 min | 1.3 km | via NH 12 | Details | Preview",true,"D:\Traffic\Metro\output\screenshots\2026-09-26\1_00_PM\MC-24\metro.jpg"
2026-09-27,Sun,MC-03,Blue,"Shyambazar","Dum Dum",3.8,3.5,1:00 PM,53,15," | 53 min | 3.8 km | via Belgachia Rd/Khudiram Bose Sarani",true,"D:\Traffic\Metro\output\screenshots\2026-09-27\1_00_PM\MC-03\metro.jpg"
2026-09-27,Sun,MC-06,Blue,"Dakshineswar","Dum Dum",6.2,7,1:00 PM,22,24," | 22 min | 5:17 AM—5:39 AM | 32212 - Dankuni - Sealdah Local   | 5:20 AM from Dakshineswar on time |  8 min | Details",true,"D:\Traffic\Metro\output\screenshots\2026-09-27\1_00_PM\MC-06\metro.jpg"
2026-09-27,Sun,MC-20,Purple,"Behala Chowrasta","Majerhat",3.7,3.7,12:00 AM,51,12," | 51 min | 3.7 km | via NH 12 | Details | Preview",true,"D:\Traffic\Metro\output\screenshots\2026-09-27\12_00_AM\MC-20\metro.jpg"
2026-09-27,Sun,MC-20,Purple,"Behala Chowrasta","Majerhat",3.7,3.7,1:00 PM,51,11," | 51 min | 3.7 km | via NH 12",true,"D:\Traffic\Metro\output\screenshots\2026-09-27\1_00_PM\MC-20\metro.jpg"
2026-09-27,Sun,MC-21,Purple,"Joka","Behala Chowrasta",4.2,4.1,1:00 PM,57,11," | 57 min | 4.1 km | via NH 12 | Details | Preview",true,"D:\Traffic\Metro\output\screenshots\2026-09-27\1_00_PM\MC-21\metro.jpg"
2026-09-27,Sun,MC-23,Purple,"Behala Chowrasta","Taratala",2.4,2.4,1:00 PM,33,8," | 33 min | 2.4 km | via NH 12 | Details | Preview",true,"D:\Traffic\Metro\output\screenshots\2026-09-27\1_00_PM\MC-23\metro.jpg"
2026-09-27,Sun,MC-24,Purple,"Taratala","Majerhat",1.3,1.3,12:00 AM,18,4," | 18 min | 1.3 km | via NH 12 | Details | Preview",true,"D:\Traffic\Metro\output\screenshots\2026-09-27\12_00_AM\MC-24\metro.jpg"
2026-09-27,Sun,MC-24,Purple,"Taratala","Majerhat",1.3,1.3,1:00 PM,18,3," | 18 min | 1.3 km | via NH 12 | Details | Preview",true,"D:\Traffic\Metro\output\screenshots\2026-09-27\1_00_PM\MC-24\metro.jpg"
2026-09-28,Mon,MC-03,Blue,"Shyambazar","Dum Dum",3.8,3.5,1:00 PM,54,17," | 54 min | 3.8 km | via Belgachia Rd/Khudiram Bose Sarani",true,"D:\Traffic\Metro\output\screenshots\2026-09-28\1_00_PM\MC-03\metro.jpg"
2026-09-28,Mon,MC-20,Purple,"Behala Chowrasta","Majerhat",3.7,3.7,1:00 PM,51,15," | 51 min | 3.7 km | via NH 12",true,"D:\Traffic\Metro\output\screenshots\2026-09-28\1_00_PM\MC-20\metro.jpg"
2026-09-28,Mon,MC-21,Purple,"Joka","Behala Chowrasta",4.1,4.1,12:00 AM,57,9," | 57 min | 4.1 km | via NH 12 | Details | Preview",true,"D:\Traffic\Metro\output\screenshots\2026-09-28\12_00_AM\MC-21\metro.jpg"
2026-09-28,Mon,MC-21,Purple,"Joka","Behala Chowrasta",4.1,4.1,1:00 PM,57,13," | 57 min | 4.1 km | via NH 12 | Details | Preview",true,"D:\Traffic\Metro\output\screenshots\2026-09-28\1_00_PM\MC-21\metro.jpg"
2026-09-28,Mon,MC-23,Purple,"Behala Chowrasta","Taratala",2.4,2.4,1:00 PM,33,10," | 33 min | 2.4 km | via NH 12 | Details | Preview",true,"D:\Traffic\Metro\output\screenshots\2026-09-28\1_00_PM\MC-23\metro.jpg"
2026-09-28,Mon,MC-24,Purple,"Taratala","Majerhat",1.3,1.3,12:00 AM,18,2," | 18 min | 1.3 km | via NH 12 | Details | Preview",true,"D:\Traffic\Metro\output\screenshots\2026-09-28\12_00_AM\MC-24\metro.jpg"
2026-09-28,Mon,MC-24,Purple,"Taratala","Majerhat",1.3,1.3,1:00 PM,18,5," | 18 min | 1.3 km | via NH 12 | Details | Preview",true,"D:\Traffic\Metro\output\screenshots\2026-09-28\1_00_PM\MC-24\metro.jpg"
2026-09-29,Tue,MC-03,Blue,"Shyambazar","Dum Dum",3.8,3.5,1:00 PM,54,18," | 54 min | 3.8 km | via Belgachia Rd/Khudiram Bose Sarani",true,"D:\Traffic\Metro\output\screenshots\2026-09-29\1_00_PM\MC-03\metro.jpg"
2026-09-29,Tue,MC-20,Purple,"Behala Chowrasta","Majerhat",3.7,3.7,1:00 PM,51,13," | 51 min | 3.7 km | via NH 12",true,"D:\Traffic\Metro\output\screenshots\2026-09-29\1_00_PM\MC-20\metro.jpg"
2026-09-29,Tue,MC-21,Purple,"Joka","Behala Chowrasta",4.1,4.1,1:00 PM,57,13," | 57 min | 4.1 km | via NH 12 | Details | Preview",true,"D:\Traffic\Metro\output\screenshots\2026-09-29\1_00_PM\MC-21\metro.jpg"
2026-09-29,Tue,MC-23,Purple,"Behala Chowrasta","Taratala",2.4,2.4,1:00 PM,33,10," | 33 min | 2.4 km | via NH 12 | Details | Preview",true,"D:\Traffic\Metro\output\screenshots\2026-09-29\1_00_PM\MC-23\metro.jpg"
2026-09-29,Tue,MC-24,Purple,"Taratala","Majerhat",1.3,1.3,1:00 PM,18,3," | 18 min | 1.3 km | via NH 12 | Details | Preview",true,"D:\Traffic\Metro\output\screenshots\2026-09-29\1_00_PM\MC-24\metro.jpg"
2026-09-30,Wed,MC-03,Blue,"Shyambazar","Dum Dum",3.8,3.5,1:00 PM,54,22," | 54 min | 3.8 km | via Belgachia Rd/Khudiram Bose Sarani",true,"D:\Traffic\Metro\output\screenshots\2026-09-30\1_00_PM\MC-03\metro.jpg"
2026-09-30,Wed,MC-20,Purple,"Behala Chowrasta","Majerhat",3.7,3.7,1:00 PM,51,15," | 51 min | 3.7 km | via NH 12",true,"D:\Traffic\Metro\output\screenshots\2026-09-30\1_00_PM\MC-20\metro.jpg"
2026-09-30,Wed,MC-21,Purple,"Joka","Behala Chowrasta",4.1,4.1,1:00 PM,57,13," | 57 min | 4.1 km | via NH 12 | Details | Preview",true,"D:\Traffic\Metro\output\screenshots\2026-09-30\1_00_PM\MC-21\metro.jpg"
2026-09-30,Wed,MC-23,Purple,"Behala Chowrasta","Taratala",2.4,2.4,1:00 PM,33,10," | 33 min | 2.4 km | via NH 12 | Details | Preview",true,"D:\Traffic\Metro\output\screenshots\2026-09-30\1_00_PM\MC-23\metro.jpg"
2026-09-30,Wed,MC-24,Purple,"Taratala","Majerhat",1.3,1.3,1:00 PM,18,6," | 18 min | 1.3 km | via NH 12 | Details | Preview",true,"D:\Traffic\Metro\output\screenshots\2026-09-30\1_00_PM\MC-24\metro.jpg"
2026-10-01,Thu,MC-03,Blue,"Shyambazar","Dum Dum",3.8,3.5,12:00 AM,54,10," | 54 min | 3.8 km | via Belgachia Rd/Khudiram Bose Sarani",true,"D:\Traffic\Metro\output\screenshots\2026-10-01\12_00_AM\MC-03\metro.jpg"
2026-10-01,Thu,MC-03,Blue,"Shyambazar","Dum Dum",3.8,3.5,1:00 PM,54,18," | 54 min | 3.8 km | via Belgachia Rd/Khudiram Bose Sarani",true,"D:\Traffic\Metro\output\screenshots\2026-10-01\1_00_PM\MC-03\metro.jpg"
2026-10-01,Thu,MC-20,Purple,"Behala Chowrasta","Majerhat",3.7,3.7,12:00 AM,51,10," | 51 min | 3.7 km | via NH 12 | Details | Preview",true,"D:\Traffic\Metro\output\screenshots\2026-10-01\12_00_AM\MC-20\metro.jpg"
2026-10-01,Thu,MC-20,Purple,"Behala Chowrasta","Majerhat",3.7,3.7,1:00 PM,51,15," | 51 min | 3.7 km | via NH 12",true,"D:\Traffic\Metro\output\screenshots\2026-10-01\1_00_PM\MC-20\metro.jpg"
2026-10-01,Thu,MC-21,Purple,"Joka","Behala Chowrasta",4.1,4.1,1:00 PM,57,13," | 57 min | 4.1 km | via NH 12 | Details | Preview",true,"D:\Traffic\Metro\output\screenshots\2026-10-01\1_00_PM\MC-21\metro.jpg"
2026-10-01,Thu,MC-23,Purple,"Behala Chowrasta","Taratala",2.4,2.4,1:00 PM,33,10," | 33 min | 2.4 km | via NH 12 | Details | Preview",true,"D:\Traffic\Metro\output\screenshots\2026-10-01\1_00_PM\MC-23\metro.jpg"
2026-10-01,Thu,MC-24,Purple,"Taratala","Majerhat",1.3,1.3,1:00 PM,18,5," | 18 min | 1.3 km | via NH 12 | Details | Preview",true,"D:\Traffic\Metro\output\screenshots\2026-10-01\1_00_PM\MC-24\metro.jpg"
2026-10-02,Fri,MC-03,Blue,"Shyambazar","Dum Dum",3.8,3.5,12:00 AM,54,10," | 54 min | 3.8 km | via Belgachia Rd/Khudiram Bose Sarani",true,"D:\Traffic\Metro\output\screenshots\2026-10-02\12_00_AM\MC-03\metro.jpg"
2026-10-02,Fri,MC-03,Blue,"Shyambazar","Dum Dum",3.8,3.5,1:00 PM,54,16," | 54 min | 3.8 km | via Belgachia Rd/Khudiram Bose Sarani",true,"D:\Traffic\Metro\output\screenshots\2026-10-02\1_00_PM\MC-03\metro.jpg"
2026-10-02,Fri,MC-20,Purple,"Behala Chowrasta","Majerhat",3.7,3.7,1:00 PM,51,12," | 51 min | 3.7 km | via NH 12",true,"D:\Traffic\Metro\output\screenshots\2026-10-02\1_00_PM\MC-20\metro.jpg"
2026-10-02,Fri,MC-21,Purple,"Joka","Behala Chowrasta",4.1,4.1,1:00 PM,57,13," | 57 min | 4.1 km | via NH 12 | Details | Preview",true,"D:\Traffic\Metro\output\screenshots\2026-10-02\1_00_PM\MC-21\metro.jpg"
2026-10-02,Fri,MC-23,Purple,"Behala Chowrasta","Taratala",2.4,2.4,1:00 PM,33,10," | 33 min | 2.4 km | via NH 12 | Details | Preview",true,"D:\Traffic\Metro\output\screenshots\2026-10-02\1_00_PM\MC-23\metro.jpg"
2026-10-02,Fri,MC-24,Purple,"Taratala","Majerhat",1.3,1.3,1:00 PM,18,3," | 18 min | 1.3 km | via NH 12 | Details | Preview",true,"D:\Traffic\Metro\output\screenshots\2026-10-02\1_00_PM\MC-24\metro.jpg"
2026-10-03,Sat,MC-03,Blue,"Shyambazar","Dum Dum",3.8,3.5,12:00 AM,54,11," | 54 min | 3.8 km | via Belgachia Rd/Khudiram Bose Sarani",true,"D:\Traffic\Metro\output\screenshots\2026-10-03\12_00_AM\MC-03\metro.jpg"
2026-10-03,Sat,MC-03,Blue,"Shyambazar","Dum Dum",3.8,3.5,1:00 PM,54,18," | 54 min | 3.8 km | via Belgachia Rd/Khudiram Bose Sarani",true,"D:\Traffic\Metro\output\screenshots\2026-10-03\1_00_PM\MC-03\metro.jpg"
2026-10-03,Sat,MC-20,Purple,"Behala Chowrasta","Majerhat",3.7,3.7,12:00 AM,51,18," | 51 min | 3.7 km | via NH 12 | Details | Preview",true,"D:\Traffic\Metro\output\screenshots\2026-10-03\12_00_AM\MC-20\metro.jpg"
2026-10-03,Sat,MC-20,Purple,"Behala Chowrasta","Majerhat",3.7,3.7,1:00 PM,51,15," | 51 min | 3.7 km | via NH 12",true,"D:\Traffic\Metro\output\screenshots\2026-10-03\1_00_PM\MC-20\metro.jpg"
2026-10-03,Sat,MC-21,Purple,"Joka","Behala Chowrasta",4.1,4.1,1:00 PM,57,13," | 57 min | 4.1 km | via NH 12 | Details | Preview",true,"D:\Traffic\Metro\output\screenshots\2026-10-03\1_00_PM\MC-21\metro.jpg"
2026-10-03,Sat,MC-23,Purple,"Behala Chowrasta","Taratala",2.4,2.4,1:00 PM,33,12," | 33 min | 2.4 km | via NH 12 | Details | Preview",true,"D:\Traffic\Metro\output\screenshots\2026-10-03\1_00_PM\MC-23\metro.jpg"
2026-10-03,Sat,MC-24,Purple,"Taratala","Majerhat",1.3,1.3,1:00 PM,18,3," | 18 min | 1.3 km | via NH 12 | Details | Preview",true,"D:\Traffic\Metro\output\screenshots\2026-10-03\1_00_PM\MC-24\metro.jpg"
2026-10-04,Sun,MC-03,Blue,"Shyambazar","Dum Dum",3.8,3.5,1:00 PM,54,14," | 54 min | 3.8 km | via Belgachia Rd/Khudiram Bose Sarani",true,"D:\Traffic\Metro\output\screenshots\2026-10-04\1_00_PM\MC-03\metro.jpg"
2026-10-04,Sun,MC-06,Blue,"Dakshineswar","Dum Dum",6.2,7,1:00 PM,27,22," | 27 min | 5:29 AM—5:56 AM | 32212 - Dankuni - Sealdah Local ",true,"D:\Traffic\Metro\output\screenshots\2026-10-04\1_00_PM\MC-06\metro.jpg"
2026-10-04,Sun,MC-06,Blue,"Dakshineswar","Dum Dum",6.2,7,7:00 PM,15,23," | 15 min | 7:29 AM—7:44 AM | 32218 - Dankuni - Sealdah Local   | 7:32 AM from Dakshineswar 13 min late |  8 min | Details",true,"D:\Traffic\Metro\output\screenshots\2026-10-04\7_00_PM\MC-06\metro.jpg"
2026-10-04,Sun,MC-20,Purple,"Behala Chowrasta","Majerhat",3.7,3.7,1:00 PM,51,13," | 51 min | 3.7 km | via NH 12",true,"D:\Traffic\Metro\output\screenshots\2026-10-04\1_00_PM\MC-20\metro.jpg"
2026-10-04,Sun,MC-21,Purple,"Joka","Behala Chowrasta",4.1,4.1,1:00 PM,57,13," | 57 min | 4.1 km | via NH 12 | Details | Preview",true,"D:\Traffic\Metro\output\screenshots\2026-10-04\1_00_PM\MC-21\metro.jpg"
2026-10-04,Sun,MC-23,Purple,"Behala Chowrasta","Taratala",2.4,2.4,1:00 PM,33,10," | 33 min | 2.4 km | via NH 12 | Details | Preview",true,"D:\Traffic\Metro\output\screenshots\2026-10-04\1_00_PM\MC-23\metro.jpg"
2026-10-04,Sun,MC-24,Purple,"Taratala","Majerhat",1.3,1.3,1:00 PM,18,3," | 18 min | 1.3 km | via NH 12 | Details | Preview",true,"D:\Traffic\Metro\output\screenshots\2026-10-04\1_00_PM\MC-24\metro.jpg"
2026-10-05,Mon,MC-03,Blue,"Shyambazar","Dum Dum",3.8,3.5,1:00 PM,54,17," | 54 min | 3.8 km | via Belgachia Rd/Khudiram Bose Sarani",true,"D:\Traffic\Metro\output\screenshots\2026-10-05\1_00_PM\MC-03\metro.jpg"
2026-10-05,Mon,MC-20,Purple,"Behala Chowrasta","Majerhat",3.7,3.7,12:00 AM,51,10," | 51 min | 3.7 km | via NH 12 | Details | Preview",true,"D:\Traffic\Metro\output\screenshots\2026-10-05\12_00_AM\MC-20\metro.jpg"
2026-10-05,Mon,MC-20,Purple,"Behala Chowrasta","Majerhat",3.7,3.7,1:00 PM,51,14," | 51 min | 3.7 km | via NH 12",true,"D:\Traffic\Metro\output\screenshots\2026-10-05\1_00_PM\MC-20\metro.jpg"
2026-10-05,Mon,MC-21,Purple,"Joka","Behala Chowrasta",4.1,4.1,1:00 PM,57,13," | 57 min | 4.1 km | via NH 12 | Details | Preview",true,"D:\Traffic\Metro\output\screenshots\2026-10-05\1_00_PM\MC-21\metro.jpg"
2026-10-05,Mon,MC-23,Purple,"Behala Chowrasta","Taratala",2.4,2.4,12:00 AM,33,6," | 33 min | 2.4 km | via NH 12 | Details | Preview",true,"D:\Traffic\Metro\output\screenshots\2026-10-05\12_00_AM\MC-23\metro.jpg"
2026-10-05,Mon,MC-23,Purple,"Behala Chowrasta","Taratala",2.4,2.4,1:00 PM,33,11," | 33 min | 2.4 km | via NH 12 | Details | Preview",true,"D:\Traffic\Metro\output\screenshots\2026-10-05\1_00_PM\MC-23\metro.jpg"
2026-10-05,Mon,MC-24,Purple,"Taratala","Majerhat",1.3,1.3,12:00 AM,18,3," | 18 min | 1.3 km | via NH 12 | Details | Preview",true,"D:\Traffic\Metro\output\screenshots\2026-10-05\12_00_AM\MC-24\metro.jpg"
2026-10-05,Mon,MC-24,Purple,"Taratala","Majerhat",1.3,1.3,1:00 PM,18,3," | 18 min | 1.3 km | via NH 12 | Details | Preview",true,"D:\Traffic\Metro\output\screenshots\2026-10-05\1_00_PM\MC-24\metro.jpg"